微博ID,内容,是否原创,发布时间,发布工具,点赞数,转发数,评论数,发布位置,图片URL,视频URL
P1evDjIHq,hello，你们发现我了！这里是属于闫桉和大家的秘密基地。一直以来，有很多没有来得及表达的东西，我都想告诉大家，想把我的心意传递给你们。在这里，我们一起畅所欲言吧，可以多多在评论区给我来信✉️#不定时桉排更新# ,原创,2024-11-21 00:16,闫桉超话,182060,1000000,224528,,无,无
Qz97h0n5Z,辛苦了，线上线下你们都给了我很大的支持❤️和陆濯的故事暂时定格一下，我们下次再见#不定时桉排更新# ,原创,2026-04-03 23:47,闫桉超话,7614,897,2811,,https://wx3.sinaimg.cn/wap180/0078ufhpgy1ibu166wxcbj345o349u15.jpg,无
Qz8uph65k,侍鳞宗有我在请安心😌#月鳞绮纪# 闫桉的微博视频 ,原创,2026-04-03 22:12,闫桉超话,5423,454,1331,,无,https://m.weibo.cn/s/video/show?object_id=1034:5283740839247916&fromWap=1
Qz6LE5SZD,#月鳞绮纪# #月鳞绮纪优酷热度破10000# 谢谢大家！！🦋🗡️一起加油👏闫桉 的红包 ,原创,2026-04-03 17:49,粉丝红包,4487,352,1430,,无,无
Qz4BN8St5,开通新业务，在线求签🙏🏻#月鳞绮纪# ,原创,2026-04-03 12:19,闫桉超话,9484,834,2017,,无,无
QyYb4CVsQ,本妖扇着翅膀就来了🦋#月鳞绮纪# 闫桉的微博视频 ,原创,2026-04-02 19:57,闫桉超话,9909,1480,2106,,无,https://m.weibo.cn/s/video/show?object_id=1034:5283344406216723&fromWap=1
QyVwO8Z5r,武拾光@曾舜晞Joseph ！ 不要让寄灵小木偶@田嘉瑞6 知道这些！！！ ,原创,2026-04-02 13:12,,34175,530,2096,,无,无
QyVhsEMUU,你们不要吵了🙂↔️#月鳞绮纪# ,原创,2026-04-02 12:34,闫桉超话,11284,767,1949,,https://wx3.sinaimg.cn/wap180/0078ufhpgy1ibsc3a02z6j30rs4754qq.jpg,无
QyUG9ejXk,#月鳞绮纪全员开团秒跟# 何人在厉劫面前耍大刀#月鳞绮纪# ,原创,2026-04-02 11:02,闫桉超话,7823,476,1515,,https://h5.sinaimg.cn/m/emoticon/icon/others/d_doge-be7f768d78.png,无
QyOCyteDS,🦋 🦋 🦋 #月鳞绮纪# ,原创,2026-04-01 19:37,闫桉超话,16296,2714,3203,,https://wx3.sinaimg.cn/wap180/0078ufhpgy1ibril6tntxj33b04eoqv7.jpg,无
QyLQstsOo,有没有被厉劫的刀震慑到#月鳞绮纪# ,原创,2026-04-01 12:33,闫桉超话,12919,2261,2801,,https://face.t.sinajs.cn/t4/appstyle/expression/ext/normal/b2/2023_hello_org.png,无
QyKEpD4Hm,#月鳞绮纪开播# 蝶翼覆夜，刀破尘劫，厉劫登场。#月鳞绮纪# ,原创,2026-04-01 09:30,闫桉超话,21748,49500,14071,,https://wx1.sinaimg.cn/wap180/0078ufhpgy1ibr15uor7jj31xg3fgqv9.jpg,无
QyKtrt7jF,【鳞机一动】#月鳞绮纪开播# #月鳞绮纪终极预告# 当至暗的时刻降临，当信任于无形中崩塌，爱恨交织成最锋利的刃，指向每一个入局之人。且看众人能否踏破万般困局，守护心中所念？#月鳞绮纪#  4月1日起，锁定@优酷 全网独播，敬请期待！领衔主演：@鞠婧祎 、@曾舜晞Joseph 、@陈都灵 、@田嘉瑞6 （排...全文,转发,2026-04-01 09:03,,5983,3581,1207,,https://h5.sinaimg.cn/upload/2016/05/26/319/5337.gif,无
QyBDaasi9,【月色集锦】 #月鳞绮纪定档0401# #月鳞绮纪全阵容海报# 以身入局皆因各有所求，皮囊之下隐藏善恶交锋。当因果的丝线悄然收紧，谁能在尘世中寻得真心？谁能在无常中寻得归途？ #月鳞绮纪# 4月1日起@优酷 全网独播，敬请期待！领衔主演：@鞠婧祎 、@曾舜晞Joseph 、@陈都灵 、@田嘉瑞6 （排名不分先后...全文,转发,2026-03-31 10:33,,20396,23841,12463,,https://h5.sinaimg.cn/upload/2016/05/26/319/5337.gif,无
QxTKC8LIN,一直在下雨☔️#不定时桉排更新##一起过春天# ,原创,2026-03-26 18:50,闫桉超话,26975,30597,17792,,https://wx1.sinaimg.cn/wap180/0078ufhpgy1ibkjly67yoj32c03404m7.jpg,无
Qx7rm2WSF,一次有点不一样的日常🛞（但是长了个痘痘是什么意思#不定时桉排更新# 闫桉的微博视频 ,原创,2026-03-21 15:51,闫桉超话,23632,91983,17463,,https://face.t.sinajs.cn/t4/appstyle/expression/ext/normal/7b/2024_takearest_org.png,https://m.weibo.cn/s/video/show?object_id=1034:5278929104338960&fromWap=1
Qw5fx4rJ6,新风格get！带你们出发#不定时桉排更新# ,原创,2026-03-14 20:26,闫桉超话,14712,79461,9221,,https://wx1.sinaimg.cn/wap180/0078ufhpgy1ib6qrcumqej34mo3h01l6.jpg,无
Qw3ziECQS,等我下 #不定时桉排更新# ,原创,2026-03-14 16:09,闫桉超话,17482,16281,9630,,https://face.t.sinajs.cn/t4/appstyle/expression/ext/normal/b2/2023_hello_org.png,无
QvTrowvSy,又给自己做了个时兴的发型😎#不定时桉排更新##一起过春天# ,原创,2026-03-13 14:22,闫桉超话,22740,23030,14049,,https://wx1.sinaimg.cn/wap180/0078ufhpgy1ib5at2j20hj30u0140jup.jpg,无
QvJlUsMOn,为什么每天都这么困#不定时桉排更新##一起过春天# 闫桉的微博视频 ,原创,2026-03-12 12:41,闫桉超话,22190,28365,13982,,https://face.t.sinajs.cn/t4/appstyle/expression/ext/normal/7b/2024_takearest_org.png,https://m.weibo.cn/s/video/show?object_id=1034:5275624936505400&fromWap=1
Qv1Dw7Ko1,[来抱抱][来抱抱][来抱抱][来抱抱]#不定时桉排更新##充电吧音乐人# ,原创,2026-03-07 21:24,闫桉超话,29056,94502,20630,,https://wx2.sinaimg.cn/wap180/0078ufhpgy1iaypa6ihowj30u0140ag5.jpg,无
Qupoey2Qm,发现新的烟花hhh🎆吃碗汤圆，团团圆圆，元宵节快乐✌🏻#不定时桉排更新##元宵节快乐# ,原创,2026-03-03 20:02,闫桉超话,15305,74784,9165,,https://wx1.sinaimg.cn/wap180/0078ufhpgy1iau0entbr5j30u0140dov.jpg,无
QulMzgxdG,【#2026逐梦中国#】#第15棒我接力# 岁序更替，华章日新，逐梦扬帆正当时。文旅市场热气腾腾，冰雪健儿神采飞扬，科技创新再攀新高……从人间烟火到大国重器，从赛场拼搏到科创探索，每一次向前，都凝聚着你我追梦的力量。全国两会召开在即，这个春天，14亿多人民的心声，汇聚于此。一起转发，...全文,转发,2026-03-03 10:51,,4364,483,1050,,https://h5.sinaimg.cn/upload/2016/05/26/319/5337.gif,无
QtNpsE14y,想不到吧，偷藏了“下班卡”#不定时桉排更新##今天星期五# ,原创,2026-02-27 19:20,闫桉超话,14137,11607,7200,,https://face.t.sinajs.cn/t4/appstyle/expression/ext/normal/fd/2022_raisehand_org.png,无
Qtbio5ST3,怎么折都有面儿[yeah]#不定时桉排更新# ,原创,2026-02-23 18:18,闫桉超话,24950,23520,15520,,https://wx1.sinaimg.cn/wap180/0078ufhpgy1iakohfm8y9j31401hc7em.jpg,无
QsKjLEy58,今日下班 闪现下班卡 你们现在在干嘛～[柯基]#不定时桉排更新##音福过大年#  ,原创,2026-02-20 21:38,闫桉超话,18439,12875,7512,,https://wx2.sinaimg.cn/wap180/0078ufhpgy1iahddm6znij32c02uwkjm.jpg,无
Qs7UCAW8c,#不定时桉排更新# 想跟你们说：新年快乐！！！“马”上幸福❤️ #音福过大年#  ,原创,2026-02-16 19:51,闫桉超话,17912,14415,7657,,https://wx4.sinaimg.cn/wap180/0078ufhply1iacnsc9ww1j32c0340x6p.jpg,无
QrY6ymtCF,不是节日 也要快乐❤️#不定时桉排更新##音福过大年# ,原创,2026-02-15 18:53,闫桉超话,18002,10802,5146,,https://wx2.sinaimg.cn/wap180/0078ufhpgy1iabgjgw8xhj31sc1oe1kx.jpg,无
QrjRh8WbC,一起来#微博抓马#，要神马有神马！即日起至2月16日转发本条微博就有机会得我的专属神马卡。完成神马猜词挑战，红包赢不停！👀让我看看你猜对了马？#微博开新年# ,原创,2026-02-11 12:26,,10050,12835,5306,,https://wx1.sinaimg.cn/wap180/0078ufhpgy1ia6iv6mb32j30u01hc7ds.jpg,无
QqBJOavF6,下雨天☔️#不定时桉排更新##音福过大年# ,原创,2026-02-06 20:06,闫桉超话,18609,119952,18504,,https://wx4.sinaimg.cn/wap180/0078ufhpgy1ia142rb659j32c03407wj.jpg,无
Qp1Vep8g1,舞台即对话，在2026#QQ音乐超级巅峰之夜# ，让每一次心跳都跟随节拍共振！3月29日，杭州黄龙体育中心体育场，TOP MUSIC NIGHT 2026 乐见超会，我自巅峰！我们不见不散！ ,原创,2026-01-27 11:05,,22003,170936,31097,,https://wx3.sinaimg.cn/wap180/0078ufhpgy1i9ophcfmw4j30u01j7qna.jpg,无
QogadltU0,#嫁金钗阵容官宣# 霁月清风，执剑破局，在下陆濯，即刻入局就座。#嫁金钗# ,原创,2026-01-22 09:30,,31260,143493,30545,,https://wx1.sinaimg.cn/wap180/0078ufhpgy1i9irg0l6gaj33uw6uwb2j.jpg,无
QnoTCDnlQ,🥣🍐🈚️☁️#不定时桉排更新##今天星期五# ,原创,2026-01-16 17:54,闫桉超话,22901,159597,25389,,https://wx4.sinaimg.cn/wap180/0078ufhpgy1i9cq8cdp81j32c0340u0y.jpg,无
QlIy6n80n,2026第一集📝#不定时桉排更新##小寒# 闫桉的微博视频 ,原创,2026-01-05 16:15,闫桉超话,17764,123969,13295,,无,https://m.weibo.cn/s/video/show?object_id=1034:5251760873209923&fromWap=1
QloEvAd0m,We‘ve got a wild heart.QQ音乐:Wild Heart酷狗音乐:网页链接酷我音乐:网页链接 #不定时桉排更新# #七号打歌中心# ,原创,2026-01-03 13:36,闫桉超话,17191,162192,22296,,https://wx4.sinaimg.cn/wap180/0078ufhpgy1i8xhqhvrp0j32bc2bc4qs.jpg,无
Ql0XJDpQC,#一条音频告别2025# 来颗糖 一起出发新一年！#微博音乐大赏# 闫桉的微博音频 ,原创,2026-01-01 01:18,微博音频,22258,84594,24749,,无,https://video.weibo.com/show?fid=2373717:5250085714591770
QkZ1f0OEN,新的一年！继续一起走吧#东方卫视跨年##微博跨年狂欢节# ,原创,2025-12-31 20:21,闫桉超话,19960,107770,14972,,https://wx3.sinaimg.cn/wap180/0078ufhpgy1i8ucigzi8bj35y97xo4qq.jpg,无
Qk2VI3hu2,叮叮当 平平安🔔#铃铛摇好运##不定时桉排更新# ,原创,2025-12-25 16:28,闫桉超话,27036,75649,15719,,https://wx4.sinaimg.cn/wap180/0078ufhpgy1i8n84ciu7ij32c0340x6q.jpg,无
QjRij6bYJ,#东方卫视跨年第三波阵容#闪耀City，让更好发生！感谢这一年的陪伴与守候，愿我们都能在新的一年平安喜乐、万事胜意~12月31日19:30，锁定#东方卫视跨年# ，和我一起奔赴更好的2026！#微博跨年狂欢节# ,原创,2025-12-24 10:51,,16073,139684,36340,,https://wx2.sinaimg.cn/wap180/0078ufhpgy1i8lsr2mw3zj31902807wi.jpg,无
QjzQKchl2,00 @腾讯视频 #骄阳似我# 全网独播。 ,转发,2025-12-22 14:26,,9395,541,1973,,https://h5.sinaimg.cn/upload/2016/05/26/319/5338.gif,无
Qjs9ncfcv,今天吃饺子了🥟#不定时桉排更新##一条微博记录冬至# ,原创,2025-12-21 18:50,闫桉超话,27119,29899,12510,,https://wx2.sinaimg.cn/wap180/0078ufhpgy1i8ipqw6677j32c0340u0y.jpg,无
Qj6tKDf2Z,冒泡🫧🫧🐟咕噜咕噜#不定时桉排更新##非正式跨年派对# ,原创,2025-12-19 11:40,闫桉超话,19245,139370,34817,,https://wx2.sinaimg.cn/wap180/0078ufhpgy1i8g21zvjltj347s6bokjo.jpg,无
QiOURAeFl,00#剧集哑舍# 开播，快来腾讯视频开个暖“舍”趴！微博预约：哑舍站内预约：网页链接 ,转发,2025-12-17 14:57,,7743,557,1773,,https://h5.sinaimg.cn/upload/2016/05/26/319/5338.gif,无
Qi7n6Dysj,#南京大屠杀惨案88周年#【今天，一起转发！祭奠同胞！#每12秒1条生命消逝勿忘历史#】#铭记12月13日#  1937年的今天，侵华日军野蛮侵入南京，制造了南京大屠杀惨案。30多万同胞在六周内被屠杀，每隔12秒就有一条生命消逝……今天，我们以国之名，祭奠遇难同胞。一起发条微博！勿忘国殇，吾辈自强！...全文,转发,2025-12-13 00:06,,5844,727,1427,,https://h5.sinaimg.cn/upload/2016/05/26/319/5337.gif,无
QhMCyfP3N,近日碎片🍚#不定时桉排更新# ,原创,2025-12-10 19:16,闫桉超话,34143,71703,24747,,https://wx2.sinaimg.cn/wap180/0078ufhpgy1i860ojjtp0j32dc35s7wh.jpg,无
QgyDwlIqd,新朋友+✌🏻#不定时桉排更新# ,原创,2025-12-02 17:50,闫桉超话,33799,85467,24307,,https://wx4.sinaimg.cn/wap180/0078ufhpgy1i7wp6ug7wzj32c0340hdt.jpg,无
QgfhOkKxI,围巾新戴法💯#不定时桉排更新##一条plog告别十一月# ,原创,2025-11-30 16:34,闫桉超话,25548,128982,25426,,https://wx3.sinaimg.cn/wap180/0078ufhply1i7ubr8c89tj32c0340b2b.jpg,无
QeTSjdmxW,库存：海风做的发型💨#不定时桉排更新##今天星期五# ,原创,2025-11-21 20:13,闫桉超话,24147,58858,21087,,https://wx1.sinaimg.cn/wap180/0078ufhpgy1i7k3jw05f9j32c03404nq.jpg,无
QeGOqx5zX,【转发海报！#玩火者必自焚#】日本首相高市早苗的涉台错误言论从根本上损害了中日关系的政治基础，激起了中国人民的公愤和谴责。如果日方拒不撤回甚至一错再错，#中方将不得不采取严厉坚决的反制措施#，由此产生的一切后果由日方承担。 ,转发,2025-11-20 10:58,,13826,5692,6194,,https://h5.sinaimg.cn/upload/2016/05/26/319/5337.gif,无
QerqEyiMg,【转发！#绝不允许日本军国主义复活#】当年，日本军国主义发动的侵略战争给亚洲和世界带来深重灾难。忘战必危、好战必亡。历史的教训不能忘却，不可歪曲，更不容抹杀。今天，我们绝不允许日本军国主义复活，绝不允许任何人挑战战后国际秩序，绝不允许世界和平稳定再遭破坏！ ,转发,2025-11-18 19:48,,6485,788,1322,,https://h5.sinaimg.cn/upload/2016/05/26/319/5337.gif,无
Qe9n7sgc9,迟来的一次紧张但充实的行程 下次更愉快的见面吧🙌🏻#不定时桉排更新# 闫桉的微博视频 ,原创,2025-11-16 21:50,闫桉超话,15998,67521,11766,,无,https://m.weibo.cn/s/video/show?object_id=1034:5233722421870618&fromWap=1
Qd3083XVK,一会见🎤#不定时桉排更新##奇幻乐园音乐节# ,原创,2025-11-09 15:47,闫桉超话,18542,84926,15063,,https://wx4.sinaimg.cn/wap180/0078ufhpgy1i760ccso21j36qo8zke8i.jpg,无
QcTQhCArw,谢谢大家！辛苦你们了🙆🏻♂️🙆🏻♂️#不定时桉排更新##微博大眼音乐节# ,原创,2025-11-08 16:28,闫桉超话,21078,98340,10848,,https://wx4.sinaimg.cn/wap180/0078ufhpgy1i74vyabwx1j365w87v1ll.jpg,无
QcMsW4V8o,I try to trace the echoes from the past. #不定时桉排更新# ,原创,2025-11-07 21:41,闫桉超话,20634,65218,10545,,https://wx1.sinaimg.cn/wap180/0078ufhpgy1i73zdkiwa8j32c03401ky.jpg,无
QcKzRBNhN,一首存在很久的歌，终于有机会分享给你们啦！QQ音乐：Used To Be酷狗音乐：网页链接酷我音乐：网页链接#不定时桉排更新##七号打歌中心# Used To Be @QQ音乐 ,原创,2025-11-07 16:52,,11955,79486,10066,,无,无
QcjN4jMYX,本期主题：🌴🎂🎞️🚶🏻👣🕶️🌬️😵#不定时桉排更新# 闫桉的微博视频 ,原创,2025-11-04 20:41,闫桉超话,17218,215688,23551,,无,https://m.weibo.cn/s/video/show?object_id=1034:5229358344765507&fromWap=1
QcaGPeSqb,#闫桉[超话]# 🎤#微博大眼音乐节# 立冬初至，演出之前，哑铃在此呼吁大家不要提前来排队，我们在安全、温暖的地方期待见面，更希望这次见面是轻松的、快乐的。演出当天到达现场后，有序检票入场，我们和@闫桉 舞台相见！#大眼音乐节禁止夜排公告# ,转发,2025-11-03 21:31,,7140,419,1688,,https://h5.sinaimg.cn/upload/2016/05/26/319/5337.gif,无
Qca5QvppP,明星动态 ,原创,2025-11-03 20:00,明星动态,7083,26375,3549,,无,无
Qc8k0pKY4,#不定时桉排更新# 一点晚上的库存🤳 ,原创,2025-11-03 15:29,闫桉超话,16902,34512,13532,,https://wx1.sinaimg.cn/wap180/0078ufhply1i6z219u21aj32we4clqv9.jpg,无
QbPjV5YZ2,十月bye～👐🏻#不定时桉排更新# 闫桉的微博视频 ,原创,2025-11-01 15:07,闫桉超话,14942,107148,27105,,无,https://m.weibo.cn/s/video/show?object_id=1034:5228188117434382&fromWap=1
QbdvmkIHg,#不定时桉排更新# 撤回一个笑 保持冷酷🕶️#ELLE风尚大典# ,原创,2025-10-28 14:50,闫桉超话,17305,40999,10257,,https://wx1.sinaimg.cn/wap180/0078ufhpgy1i6s3chfqsaj30u014042z.jpg,无
Qb6bmnZMX,To. U“闫”时放送#不定时桉排更新# 闫桉的微博视频 ,原创,2025-10-27 20:12,闫桉超话,19449,33745,12913,,无,https://m.weibo.cn/s/video/show?object_id=1034:5226446226915370&fromWap=1
QaUMnx4MH,#不定时桉排更新# 今天保持冷酷😎 ,原创,2025-10-26 15:10,闫桉超话,16424,36583,6724,,https://wx1.sinaimg.cn/wap180/0078ufhpgy1i6psnvaks7j35dw41fx6v.jpg,无
QaOtTldZv,特别不一样的一年！！一年前的今天，还在准备大梦的开播物料，不知道自己的第一次古装形象会给大家带来什么样的感受 。一年后的今天，再再再谢谢大梦和离仑，让我收获了你们的喜欢，成为我坚持往前走延绵不断的动力。从舞台到荧幕，每一步都因为你们的陪伴而充满勇气，真的很感谢！一起在北京的冬...全文,原创,2025-10-25 23:08,闫桉超话,22173,57240,12020,,https://wx2.sinaimg.cn/wap180/0078ufhpgy1i6p0u83aewj337k4a3b2e.jpg,无
QaNKX6k1q,能吊威亚 能爬梯子 体验很多的一次OK👌🏻#不定时桉排更新# ,原创,2025-10-25 21:17,闫桉超话,15312,29563,4299,,https://wx4.sinaimg.cn/wap180/0078ufhpgy1i6oxnh60xwj32c03401l3.jpg,无
QaMT6ar6Y,我在#微博直播#开播啦，快来看看吧  闫桉的微博直播 ,原创,2025-10-25 19:05,微博直播平台,22113,6159,72027,,无,无
QaMAupoyd,Feel my heart 🩵#不定时桉排更新##七号打歌中心# ,原创,2025-10-25 18:19,闫桉超话,14492,32318,4620,,https://wx1.sinaimg.cn/wap180/0078ufhpgy1i6osgpoqwqj32c03407wi.jpg,无
QaKDfo4ep,A gift for U 💌QQ音乐： U酷狗音乐： 网页链接酷我音乐： 网页链接#不定时桉排更新##七号打歌中心# 闫桉的微博视频 ,原创,2025-10-25 13:20,闫桉超话,12448,52638,7115,,无,https://m.weibo.cn/s/video/show?object_id=1034:5225622952411157&fromWap=1
QaJIcDjyN,#微博大眼音乐节# “捡秋”特别行动即将开启 闫桉的微博音频 ,原创,2025-10-25 11:00,微博音频,6246,30742,6670,,无,https://video.weibo.com/show?fid=2373717:5225434993065986
QaJpzE7Le,#台湾光复80周年#【今天，一起转发！#纪念台湾光复#！🇨🇳】#只有一个中国# 1945年的今天，10月25日，日本在台殖民统治终结，台湾作为中国领土的一部分重回中国版图！万千的台湾同胞，在街上热烈庆祝。今天，一起发条微博，为祖国统一、民族复兴的美好未来，共同奋斗！ ,转发,2025-10-25 10:14,,3379,340,598,,https://h5.sinaimg.cn/upload/2016/05/26/319/5337.gif,无
QaFoi9PGz,明星动态 ,原创,2025-10-25 00:00,生日动态,15928,27551,11816,,无,无
QaDz3Ewr0,ó 有点酷酷的 #不定时桉排更新# ,原创,2025-10-24 19:21,,17927,41864,10259,,https://wx2.sinaimg.cn/wap180/0078ufhpgy1i6nonua738j32c0340kfs.jpg,无
QaA6w9BdG,#不定时桉排更新#  SONG#1 闫桉的微博视频 ,原创,2025-10-24 10:32,闫桉超话,10878,33671,4944,,无,https://m.weibo.cn/s/video/show?object_id=1034:5225219481075837&fromWap=1
QatbEwGRq,11月8日，#微博大眼音乐节# 不见不散🍬一起相约南京高淳·固城湖水慢城，收藏这个秋天最动人的音乐瞬间。#心动礼遇季# 大眼音乐节等人的共创视频 ,原创,2025-10-23 16:55,微博视频号,7886,36149,6838,,无,https://m.weibo.cn/s/video/show?object_id=1034:5224862789337203&fromWap=1
QajaoripF,#灿烂的市集收官全员敬自己# 从“无”到“有”，因市集而灿烂的夏天先到这啦👋🏻#灿烂的市集# ,原创,2025-10-22 15:25,,9481,40992,4335,,https://wx4.sinaimg.cn/wap180/0078ufhpgy1i6l6m4v10bj31hc10l4qp.jpg,无
Qa0SvCEBb,近日报告👓#不定时桉排更新##捕捉一片秋天的颜色# ,原创,2025-10-20 16:51,闫桉超话,19266,85264,7484,,https://wx3.sinaimg.cn/wap180/0078ufhply1i6ixwagkipj32c0340hdt.jpg,无
Qa0963a7s,叮！今日份好运“桉排”派送中～请签收！祝大家在热爱的路上一路向太阳！#心动礼遇季#闫桉 的红包 ,原创,2025-10-20 15:00,粉丝红包,6296,845,2203,,https://h5.sinaimg.cn/m/emoticon/icon/others/w_taiyang-2b1d91ddac.png,无
Q9eeedATG,其实我还是挺高冷的 #灿烂的市集# 闫桉的微博视频 ,原创,2025-10-15 13:00,微博视频号,23525,46088,9704,,https://h5.sinaimg.cn/m/emoticon/icon/default/d_bingbujiandan-9955880b30.png,https://m.weibo.cn/s/video/show?object_id=1034:5221996259115010&fromWap=1
Q8L6S2x9f,按时出现，安心快乐，闫桉报道。#微博大眼音乐节阵容官宣# 报告！来自南京高淳的秋日邀请函已准备好！11.8-11.9 我们#微博大眼音乐节# 见。本次通关暗号【🆕🕺🎤 】~@大眼音乐节 桉糖想看什么，你们能满足吗？等你们见面 ,原创,2025-10-12 10:53,,14530,48021,11031,,https://wx3.sinaimg.cn/wap180/0078ufhpgy1i69ekbn1m3j30u01jk7rd.jpg,无
Q80XDuAyf,#不定时桉排更新# “摇摇晃晃”又是一天🏃🏻#东方卫视滴水映月夜# 闫桉的微博视频 ,原创,2025-10-07 13:23,闫桉超话,14855,45453,8854,,无,https://m.weibo.cn/s/video/show?object_id=1034:5219101799546903&fromWap=1
Q7TXgAebt,#不定时桉排更新# 一起来看烟花🎆#东方卫视滴水映月夜# ,原创,2025-10-06 19:33,闫桉超话,19969,36807,7575,,https://wx4.sinaimg.cn/wap180/0078ufhpgy1i62vtik6z7j32c0340qv5.jpg,无
Q7C2txR71,#不定时桉排更新# 睡前清库存啦 #十一去兜风# ,原创,2025-10-04 21:57,闫桉超话,25747,37579,7737,,https://wx3.sinaimg.cn/wap180/0078ufhpgy1i60oosahpij32622w37wh.jpg,无
Q7ra0Djta,一起走过春 夏 秋 冬#不定时桉排更新##七号打歌中心# 四季 ,原创,2025-10-03 18:15,闫桉超话,28285,49753,16515,,无,无
Q75WeAOwD,#灿烂的市集# 这趟没白来 闫桉的微博视频 ,原创,2025-10-01 12:13,闫桉超话,11995,27815,5884,,https://face.t.sinajs.cn/t4/appstyle/expression/ext/normal/cb/2022_Foodie_org.png,https://m.weibo.cn/s/video/show?object_id=1034:5216910774829143&fromWap=1
Q71gMjRhf,【🇨🇳此刻，一起转发！#祝新中国生日快乐#】今天，#中华人民共和国成立76周年#。此刻，无论你身在何方，请一起向祖国道一声祝福！祝福祖国繁荣昌盛，国泰民安！祝新中国生日快乐！#祖国万岁#（转发这一条微博，就能在昵称后点亮国旗icon） ,转发,2025-10-01 00:20,,5046,593,1270,,https://h5.sinaimg.cn/upload/2016/05/26/319/5337.gif,无
Q6S03uVHU,【今日，一起转发！#向烈士致敬#】#烈士纪念日向人民英雄敬献花篮# 一个有希望的民族不能没有英雄，一个有前途的国家不能没有先锋。今天，是国家设立的烈士纪念日。烈士，是永不陨落的星辰，是永不熄灭的火炬！转发传递，一起致敬烈士！#盛世中国如你所愿# ,转发,2025-09-30 00:44,,10123,3560,4024,,https://h5.sinaimg.cn/upload/2016/05/26/319/5337.gif,无
Q6N7JwYrV,庭前花好，檐下灯明，2025#东方卫视中秋晚会# 即将启幕。10月6日，锁定《朤月东方・滴水映月夜》，与我共赏月下好时光。 #东方卫视中秋晚会阵容官宣# ,原创,2025-09-29 12:20,,13661,29183,7232,,https://wx2.sinaimg.cn/wap180/0078ufhpgy1i5ufzov4rkj30u01hctt3.jpg,无
Q6vPSjR0U,#不定时桉排更新# 盛典的一天都在做什么呢#WMA微博音乐盛典# 闫桉的微博视频 ,原创,2025-09-27 16:19,闫桉超话,13759,31617,5927,,https://h5.sinaimg.cn/m/emoticon/icon/default/d_sikao-ff9602dd08.png,https://m.weibo.cn/s/video/show?object_id=1034:5215514398490655&fromWap=1
Q6fsvrX4g,#不定时桉排更新# 一日运动成就达成✅#灿烂的市集# 闫桉的微博视频 ,原创,2025-09-25 22:37,微博视频号,12666,29458,5389,,无,https://m.weibo.cn/s/video/show?object_id=1034:5214847227592737&fromWap=1
Q66zByzi7,明星动态 ,原创,2025-09-25 00:00,明星动态,8892,15796,4656,,无,无
Q65xwF52G,#不定时桉排更新# 开心的一天！好久不见！#WMA微博音乐盛典# ,原创,2025-09-24 21:22,闫桉超话,19935,36994,6756,,https://wx2.sinaimg.cn/wap180/0078ufhply1i5p3ldp9u5j32c033wnpe.jpg,无
Q62Xw5QPJ,#不定时桉排更新# 远航结束 我回来了✌🏻#WMA微博音乐盛典##微博音乐盛典红毯# ,原创,2025-09-24 14:48,闫桉超话,24624,28778,9337,,https://wx2.sinaimg.cn/wap180/0078ufhply1i5os7xnwayj33j34eob2f.jpg,无
Q62m2kLjS,再见了朋友们👋🏻我要坐滑板去远航了#灿烂的市集# 闫桉的微博视频 ,原创,2025-09-24 13:16,微博视频号,19634,27662,8313,,无,https://m.weibo.cn/s/video/show?object_id=1034:5214386885951491&fromWap=1
Q5BxKxbBo,#不定时桉排更新# 某好几天的打工库存🌬️ ,原创,2025-09-21 17:00,闫桉超话,18765,32186,8684,,https://wx3.sinaimg.cn/wap180/0078ufhpgy1i5lf5ciz9sj34eo3b0kjn.jpg,无
Q5pIUuOQY,2025#WMA微博音乐盛典# 即将拉开帷幕，不同风格的音乐在这里碰撞交融。乐享心声，乐见万千，9月24日，一起来感受音乐的魅力！ #WMA微博音乐盛典第二波阵容# ,原创,2025-09-20 10:55,,23183,34487,12061,,https://wx3.sinaimg.cn/wap180/0078ufhpgy1i5jz0dmm4ij30zk1wgh3f.jpg,无
Q51LgB3eT,#勿忘九一八#【一起转发！铭记！#抗日5098天#】1931年9月18日，到1945年9月2日，5098天、14年的浴血抗战，每一天都记录着中国人的不屈！今年，一场盛大阅兵告慰先烈！今日中国，河山锦绣！吾辈自强！#九一八事变# 央视新闻的微博视频 ,转发,2025-09-17 21:55,,5250,755,1264,,https://h5.sinaimg.cn/upload/2016/05/26/319/5337.gif,https://m.weibo.cn/s/video/show?object_id=1034:5211889240834087&fromWap=1
Q4YNt4R7P,#不定时桉排更新# 忙忙碌碌寻“宝藏”#灿烂的市集# 闫桉的微博视频 ,原创,2025-09-17 14:22,闫桉超话,20847,30910,10672,,https://face.t.sinajs.cn/t4/appstyle/expression/ext/normal/72/2021_kaixueji_org.png,https://m.weibo.cn/s/video/show?object_id=1034:5211869791846483&fromWap=1
Q4XZB39qI,来#灿烂的市集# 一起来听歌～ 闫桉的微博视频 ,原创,2025-09-17 12:19,闫桉超话,20758,27319,10273,,无,https://m.weibo.cn/s/video/show?object_id=1034:5211837592174631&fromWap=1
Q48FVk6u6,【今天，一起转发！一起#接30位烈士遗骸回国#！】#英雄回家# 今天，中国空军运-20从韩国接运30位志愿军烈士遗骸回国！4架歼-20为英雄护航！英雄们，请看咱们山河无恙，家国皆安！#英雄永垂不朽#🇨🇳🇨🇳🇨🇳🇨🇳🇨🇳🇨🇳🇨🇳🇨🇳🇨🇳🇨🇳🇨🇳🇨🇳?...全文,转发,2025-09-12 01:41,,6043,647,1273,,https://h5.sinaimg.cn/upload/2016/05/26/319/5337.gif,无
Q3TVmsFE7,#灿烂的市集# 脑袋偶尔迷糊，力气绝不含糊！ 闫桉的微博视频 ,原创,2025-09-10 12:07,微博视频号,21572,35185,10060,,无,https://m.weibo.cn/s/video/show?object_id=1034:5209299262308382&fromWap=1
